ISIN;WEIGHT
US0378331005;3.68%
US67066G1040;2.48%
US5949181045;2.38%
US0231351067;2.26%
US30303M1027;2.08%
US02079K3059;1.18%
US46625H1005;1.00%
US02079K1079;0.98%
US22160K1051;0.80%
US30231G1022;0.78%
US9311421039;0.61%
US5324571083;0.59%
US92826C8394;0.55%
US57636Q1040;0.52%
US88160R1014;0.52%
US4781601046;0.48%
US4370761029;0.48%
US9497461015;0.47%
US0846707026;0.47%
US64110L1061;0.45%
US1667641005;0.45%
US11135F1012;0.44%
US1491231015;0.40%
US8725401090;0.38%
US0605051046;0.36%
US20825C1045;0.35%
US6701002056;0.35%
US92343V1044;0.35%
US9078181081;0.34%
US2441991054;0.34%
US00206R1023;0.34%
US7475251036;0.33%
US3755581036;0.32%
US00287Y1091;0.32%
US0382221051;0.31%
US38141G1040;0.30%
US20030N1019;0.29%
US7802593050;0.29%
LR0008862868;0.28%
CH0012032048;0.28%
US8725901040;0.27%
US7433151039;0.27%
US5128073062;0.27%
US7427181091;0.25%
US68389X1054;0.25%
US9694571004;0.24%
US58733R1023;0.23%
US8923313071;0.23%
US03076C1062;0.22%
US4042804066;0.22%
US26875P1012;0.22%
US87612G1013;0.22%
US92532F1003;0.22%
US14040H1059;0.21%
US69608A1088;0.21%
US16411R2085;0.21%
US89417E1091;0.21%
US1264081035;0.21%
US2473617023;0.21%
US6174464486;0.20%
US6937181088;0.20%
US89151E1091;0.19%
US0530151036;0.19%
US8085131055;0.19%
US1729674242;0.19%
US3848021040;0.19%
US7782961038;0.19%
US5010441013;0.18%
US1696561059;0.18%
US31428X1063;0.18%
US2310211063;0.18%
IE00B4BNMY34;0.18%
US4824801009;0.18%
US05722G1004;0.18%
US7134481081;0.17%
US56585A1025;0.17%
US66987V1098;0.17%
US37045V1008;0.17%
US6934751057;0.17%
US5500211090;0.17%
US1912161007;0.17%
CH0011075394;0.17%
US3119001044;0.17%
US9100471096;0.16%
US0268747849;0.16%
US9699041011;0.16%
US0258161092;0.16%
US0463531089;0.16%
US9029733048;0.16%
US8825081040;0.16%
US4165151048;0.16%
US0556221044;0.16%
FR0000121014;0.16%
US42809H1077;0.16%
US2546871060;0.16%
AU000000CBA7;0.16%
US6826801036;0.16%
CH0044328745;0.15%
US91913Y1001;0.15%
US0640581007;0.15%
CA7800871021;0.15%
US87612E1064;0.15%
US8356993076;0.15%
US7185461040;0.15%
US59156R1086;0.15%
US0311621009;0.15%
US0010551028;0.15%
US89832Q1094;0.15%
US0404132054;0.15%
AU000000NAB4;0.15%
US9113121068;0.15%
US09290D1019;0.15%
US00724F1012;0.14%
US6974351057;0.14%
US91324P1021;0.14%
PA1436583006;0.14%
US85208M1027;0.14%
FR0000125007;0.14%
IE000S9YS762;0.14%
US3696043013;0.14%
US7595301083;0.14%
DE0005557508;0.14%
US4592001014;0.14%
US06738E2046;0.14%
US7043261079;0.14%
US92537N1081;0.13%
FR0000125486;0.13%
US17275R1023;0.13%
US0028241000;0.13%
US6200763075;0.13%
US6068221042;0.13%
CH0244767585;0.13%
US1101221083;0.13%
FR0000073272;0.13%
AU000000WBC1;0.13%
US48251W1045;0.13%
US81762P1021;0.13%
US37733W2044;0.13%
IT0005239360;0.13%
CH0126881561;0.13%
US88262P1021;0.13%
US87165B1035;0.13%
US29084Q1004;0.13%
US58933Y1055;0.12%
US1924461023;0.12%
US9113631090;0.12%
US7443201022;0.12%
US6795801009;0.12%
US5260571048;0.12%
US4663131039;0.12%
US79466L3024;0.12%
US05946K1016;0.12%
IE00028FXN24;0.12%
US46120E6023;0.12%
US6558441084;0.12%
US25278X1090;0.12%
US98978V1035;0.12%
USN070592100;0.12%
US6703461052;0.12%
CH0038863350;0.12%
US94106L1098;0.12%
US62944T1051;0.12%
US3167731005;0.12%
NL0000235190;0.12%
GB00B1YW4409;0.12%
IE000IVNQZ81;0.11%
US26884L1098;0.11%
US86562M2098;0.11%
US12572Q1058;0.11%
US35671D8570;0.11%
US88579Y1010;0.11%
US8243481061;0.11%
AU000000WES1;0.11%
US75513E1010;0.11%
US8923561067;0.11%
US3453708600;0.11%
BMG0450A1053;0.11%
US5951121038;0.11%
US7547301090;0.11%
CA8672241079;0.11%
US23331A1097;0.10%
DE0007030009;0.10%
US6745991058;0.10%
US4523081093;0.10%
US1011371077;0.10%
US7170811035;0.10%
US60687Y1091;0.10%
AU000000ANZ3;0.10%
DE000BASF111;0.10%
US8581191009;0.10%
US6951561090;0.10%
US09857L1089;0.10%
FR0000131104;0.10%
US25179M1036;0.10%
US75886F1075;0.10%
US7445731067;0.10%
CA8911605092;0.10%
US2547091080;0.09%
US92345Y1064;0.09%
US5801351017;0.09%
US49456B1017;0.09%
CH0114405324;0.09%
US6153691059;0.09%
US8030542042;0.09%
US1270971039;0.09%
US5394391099;0.09%
US1999081045;0.09%
US4461501045;0.09%
US2371941053;0.09%
FR001400AJ45;0.09%
US80105N1054;0.09%
CA1360691010;0.09%
US0079031078;0.09%
HK0000069689;0.09%
US55261F1049;0.09%
NL0011794037;0.09%
--;0.09%
US8574771031;0.09%
US36828A1016;0.09%
US4385161066;0.09%
DE0007236101;0.09%
US7496851038;0.09%
US1423391002;0.09%
US4568371037;0.09%
FR0000120628;0.09%
US8760301072;0.09%
US31946M1036;0.09%
US50212V1008;0.09%
US4943681035;0.09%
US2193501051;0.09%
US27579R1041;0.08%
GB00B1XZS820;0.08%
US0200021014;0.08%
DE000A1EWWW0;0.08%
US4062161017;0.08%
US0367521038;0.08%
NL0009434992;0.08%
JP3788600009;0.08%
FR0000120073;0.08%
US6907421019;0.08%
DE0006231004;0.08%
CA4969024047;0.08%
JP3910660004;0.08%
US69331C1080;0.08%
US6390572070;0.08%
GB0004082847;0.08%
US2172041061;0.08%
US87422Q1094;0.08%
BMG667211046;0.08%
SG1L01001701;0.08%
US3666511072;0.08%
US05964H1059;0.08%
US4581401001;0.08%
CH0014852781;0.08%
DE0008430026;0.08%
GB0000536739;0.08%
AN8068571086;0.08%
US0326541051;0.08%
US7458671010;0.08%
US5261071071;0.08%
US9047677045;0.08%
CA6330671034;0.08%
US5732841060;0.08%
NL0000687663;0.08%
US5717481023;0.08%
US45168D1046;0.07%
CH0025751329;0.07%
DE0005140008;0.07%
US3021301094;0.07%
US90384S3031;0.07%
CA0641491075;0.07%
SG9999000020;0.07%
CA15101Q2071;0.07%
US2091151041;0.07%
US4601461035;0.07%
US03073E1055;0.07%
ES0148396007;0.07%
CA0636711016;0.07%
US7672041008;0.07%
DE0008404005;0.07%
US05550J1016;0.07%
US4456581077;0.07%
US5738741041;0.07%
CA89156V1067;0.07%
GB00BDSFG982;0.07%
US8330341012;0.07%
CA56501R1064;0.07%
CA0084741085;0.07%
US49177J1025;0.07%
US7010941042;0.07%
US4381283088;0.07%
US5404241086;0.07%
US7595091023;0.07%
US8447411088;0.07%
US4612021034;0.07%
US5486611073;0.07%
CH0210483332;0.07%
US1273871087;0.07%
US0865161014;0.07%
IE00BTN1Y115;0.07%
US0394831020;0.07%
US7593516047;0.07%
US78709Y1055;0.07%
JP3496400007;0.07%
US03769M1062;0.07%
JP3475350009;0.07%
BMG3223R1088;0.07%
US6541061031;0.07%
US19260Q1076;0.07%
AU000000MQG1;0.07%
US2358511028;0.07%
US03831W1080;0.07%
US09260D1072;0.07%
US6658591044;0.07%
FR0010208488;0.07%
US91307C1027;0.07%
ES0173516115;0.07%
US5705351048;0.07%
US2533931026;0.07%
US34959E1091;0.07%
US0844231029;0.06%
SG1S04926220;0.06%
US25243Q2057;0.06%
US6821891057;0.06%
JP3538800008;0.06%
US25809K1051;0.06%
GB00BD6K4575;0.06%
CA67077M1086;0.06%
JP3165000005;0.06%
US92857W3088;0.06%
US69047Q1022;0.06%
CA8787422044;0.06%
US0495601058;0.06%
SE0000115446;0.06%
US78409V1044;0.06%
JP3802300008;0.06%
US60855R1005;0.06%
DE0005810055;0.06%
DE0005552004;0.06%
US0320951017;0.06%
JP3811000003;0.06%
BMG7496G1033;0.06%
US2605571031;0.06%
SG1M31001969;0.06%
NL0000009082;0.06%
AU000000FMG4;0.06%
US30161N1019;0.06%
US1746101054;0.06%
IE00BK9ZQ967;0.06%
US58155Q1031;0.06%
US45866F1049;0.06%
AU000000RIO1;0.06%
US04621X1081;0.06%
CH1216478797;0.06%
US7512121010;0.06%
US8826811098;0.06%
IE00B8KQN827;0.06%
FR0000121972;0.06%
JP3571400005;0.06%
DE000CBK1001;0.06%
US7591EP1005;0.06%
US3377381088;0.06%
US12008R1077;0.06%
AU000000BXB1;0.06%
US22788C1053;0.06%
DE000DTR0CK8;0.06%
US0090661010;0.06%
FR0000052292;0.06%
FR0000121667;0.06%
US22052L1044;0.06%
GB0032089863;0.06%
US92556V1061;0.06%
US26874R1086;0.06%
US1220171060;0.05%
US6863301015;0.05%
US8552441094;0.05%
US8636671013;0.05%
US73278L1052;0.05%
US91529Y1064;0.05%
AU000000QBE9;0.05%
US1720621010;0.05%
DE0007100000;0.05%
JP3898400001;0.05%
ES0144580Y14;0.05%
US29452E1010;0.05%
CA15135U1093;0.05%
CA3039011026;0.05%
US74251V1026;0.05%
JP3818000006;0.05%
FI4000297767;0.05%
NL0009538784;0.05%
DK0060252690;0.05%
US50155Q1004;0.05%
US1255231003;0.05%
US5949724083;0.05%
US8610121027;0.05%
GB0031274896;0.05%
US9182041080;0.05%
FR0000120321;0.05%
IE00BLP1HW54;0.05%
US11133T1034;0.05%
US12514G1085;0.05%
JP3407400005;0.05%
US37959E1029;0.05%
US8716071076;0.05%
US35909D1090;0.05%
US8835561023;0.05%
CH0012221716;0.05%
US8718291078;0.05%
US03743Q1085;0.05%
US1651677353;0.05%
CA1363751027;0.05%
US4932671088;0.05%
DE000A40KY26;0.05%
JP3890310000;0.05%
JP3134800006;0.05%
CA82509L1076;0.05%
US8522341036;0.05%
US74144T1088;0.05%
JP3476480003;0.05%
US90353T1007;0.05%
JP3970300004;0.05%
US0116591092;0.05%
CA25675T1075;0.05%
US70450Y1038;0.05%
US74762E1029;0.05%
US6802231042;0.05%
US26614N1028;0.05%
NL0000395903;0.05%
JP3900000005;0.05%
US00790R1041;0.05%
IE0001827041;0.05%
CH1300646267;0.05%
US9418481035;0.05%
US0527691069;0.05%
US90138F1021;0.05%
US42824C1099;0.05%
CA29250N1050;0.05%
CA8667961053;0.05%
IT0003128367;0.05%
US45073V1089;0.05%
US16119P1084;0.05%
CH0008742519;0.05%
IT0000066123;0.05%
DE000A1ML7J1;0.05%
DE0005190003;0.05%
SE0017486889;0.05%
CA3759161035;0.05%
US74624M1027;0.05%
US02005N1000;0.05%
IT0000072618;0.05%
US5007541064;0.05%
US0259321042;0.05%
US15135B1017;0.05%
US74164M1080;0.05%
NL0013654783;0.05%
JP3756600007;0.05%
US6516391066;0.05%
AU000000WOW2;0.05%
FR0000131906;0.05%
US1431301027;0.05%
US5339001068;0.05%
CA45075E1043;0.05%
US6247561029;0.05%
US8894781033;0.05%
US2855121099;0.04%
US21037T1097;0.04%
US9837931008;0.04%
GB00B63H8491;0.04%
IT0004176001;0.04%
DE000A0D9PT0;0.04%
US70432V1026;0.04%
ES0113860A34;0.04%
US2521311074;0.04%
US05605H1005;0.04%
CA45823T1066;0.04%
US67103H1077;0.04%
US28176E1082;0.04%
US9553061055;0.04%
KYG3730V1059;0.04%
US46817M1071;0.04%
US22266T1097;0.04%
US8936411003;0.04%
US3841091040;0.04%
GB0005603997;0.04%
IL0006046119;0.04%
CA6979001089;0.04%
CA5394811015;0.04%
US35137L1052;0.04%
DE000ENAG999;0.04%
FR0000045072;0.04%
US8740541094;0.04%
US83406F1021;0.04%
US43300A2033;0.04%
JP3397200001;0.04%
AU000000JHX1;0.04%
US3364331070;0.04%
US64110D1046;0.04%
CH0432492467;0.04%
US00827B1061;0.04%
US6362744095;0.04%
HK2388011192;0.04%
PTBCP0AM0015;0.04%
US1890541097;0.04%
US1941621039;0.04%
US9224751084;0.04%
US3030751057;0.04%
AU000000SUN6;0.04%
US4278661081;0.04%
US8807701029;0.04%
ES0105046009;0.04%
US86333M1080;0.04%
US03820C1053;0.04%
JP3304200003;0.04%
BE0974264930;0.04%
CH0102484968;0.04%
US3397501012;0.04%
US04016X1019;0.04%
AU0000030678;0.04%
AU000000BSL0;0.04%
AU0000297962;0.04%
US6092071058;0.04%
US8168511090;0.04%
JP3733000008;0.04%
JP3735400008;0.04%
IL0006625771;0.04%
JP3190000004;0.04%
US03524A1088;0.04%
US8404411097;0.04%
AU000000NST8;0.04%
US60871R2094;0.04%
US7835491082;0.04%
CH0013841017;0.04%
CA11271J1075;0.04%
US8816242098;0.04%
CH0030170408;0.04%
US29414B1044;0.04%
CA0679011084;0.04%
NL0010773842;0.04%
US8318652091;0.04%
DE0005439004;0.04%
US49338L1035;0.04%
US31620R3030;0.04%
US5380341090;0.04%
GB00B02J6398;0.04%
JP3902400005;0.04%
US12504L1098;0.04%
CA4530384086;0.04%
US00508Y1029;0.04%
US1910981026;0.04%
GB00B24CGK77;0.04%
US8305661055;0.04%
FR0010533075;0.04%
FR0000120644;0.04%
JP3118000003;0.04%
AU000000CSL8;0.04%
GB0030913577;0.04%
JE00BTDN8H13;0.04%
KYG960071028;0.04%
BE0003565737;0.04%
US04247X1028;0.04%
JP3814800003;0.04%
US9291601097;0.04%
GB00BVYVFW23;0.04%
IL0006912120;0.04%
US42704L1044;0.04%
US9576381092;0.04%
US5627501092;0.04%
IT0005508921;0.04%
US2576511099;0.04%
GB00BDCPN049;0.04%
US03674X1063;0.04%
JP3830800003;0.04%
US45687V1061;0.04%
SG1U76934819;0.04%
JP3500610005;0.04%
DK0010274414;0.04%
US95082P1057;0.04%
US30212P3038;0.04%
BMG0692U1099;0.04%
CA5592224011;0.03%
US2566771059;0.03%
CA13646K1084;0.03%
US0533321024;0.03%
US90278Q1085;0.03%
FR0000130452;0.03%
AU000000JBH7;0.03%
US64125C1099;0.03%
US9139031002;0.03%
US0311001004;0.03%
US4435106079;0.03%
CH0025238863;0.03%
US29446M1027;0.03%
JP3892100003;0.03%
US5367971034;0.03%
IT0001031084;0.03%
US8308791024;0.03%
US83088M1027;0.03%
DE0008402215;0.03%
SE0000667891;0.03%
US4571871023;0.03%
US9897011071;0.03%
AT0000652011;0.03%
CH1256740924;0.03%
US05464C1018;0.03%
US40412C1018;0.03%
SE0000242455;0.03%
US0028962076;0.03%
FR0000130809;0.03%
US47233W1099;0.03%
JP3684000007;0.03%
US31620M1062;0.03%
US71424F1057;0.03%
SE0000148884;0.03%
NL0011872643;0.03%
US0758871091;0.03%
CA00208D4084;0.03%
US4039491000;0.03%
US1972361026;0.03%
JP3436120004;0.03%
US4055521003;0.03%
US4448591028;0.03%
US61945C1036;0.03%
US6098391054;0.03%
JP3551500006;0.03%
US9426222009;0.03%
US88339J1051;0.03%
HK0669013440;0.03%
NL00150001Q9;0.03%
US3434121022;0.03%
JP3893600001;0.03%
AU000000EVN4;0.03%
US1844961078;0.03%
JP3164720009;0.03%
US5950171042;0.03%
FR0000120172;0.03%
US0528001094;0.03%
DE000ENER6Y0;0.03%
US97650W1080;0.03%
US2788651006;0.03%
US00971T1016;0.03%
US33829M1018;0.03%
BE0003739530;0.03%
US50050N1037;0.03%
US38526M1062;0.03%
US1713401024;0.03%
US3032501047;0.03%
US2315611010;0.03%
JP3236200006;0.03%
SE0007100599;0.03%
NO0010161896;0.03%
CH0008038389;0.03%
US87162W1009;0.03%
NL0000379121;0.03%
JP3388200002;0.03%
US3635761097;0.03%
US14149Y1082;0.03%
US0383361039;0.03%
US9478901096;0.03%
US6078281002;0.03%
US2166485019;0.03%
SG1J26887955;0.03%
FR0010411983;0.03%
US14316J1088;0.03%
US12503M1080;0.03%
IE00BF0L3536;0.03%
US8606301021;0.03%
US6742152076;0.03%
US6549022043;0.03%
JP3732000009;0.03%
NL0011585146;0.03%
US5312297550;0.03%
US49714P1084;0.03%
JP3866800000;0.03%
CA0115321089;0.03%
JP3783600004;0.03%
ES0113679I37;0.03%
US01741R1023;0.03%
US35137L2043;0.03%
US34964C1062;0.03%
US75281A1097;0.03%
US9807451037;0.03%
US36467W1099;0.03%
US00846U1016;0.03%
US05465C1009;0.03%
CH0319416936;0.03%
LU1778762911;0.03%
JP3519400000;0.03%
JP3371200001;0.03%
US9344231041;0.03%
CA87241L1094;0.03%
US22160N1090;0.03%
DE000A1DAHH0;0.03%
US5049221055;0.03%
US5463471053;0.03%
JP3111200006;0.03%
DK0060336014;0.03%
JP3166000004;0.03%
AU000000TCL6;0.03%
IL0010824113;0.03%
US14448C1045;0.03%
FR0010307819;0.03%
US1270551013;0.03%
GB00B033F229;0.03%
FR0000121485;0.03%
US2199481068;0.03%
US2567461080;0.03%
IT0005218380;0.03%
US29977A1051;0.03%
US8793822086;0.03%
GB0002634946;0.03%
ES0140609019;0.03%
JP3976300008;0.03%
US5004723038;0.03%
FR0010259150;0.03%
US3205171057;0.03%
US65249B1098;0.03%
JP3837800006;0.03%
US46266C1053;0.03%
GB00B19NLV48;0.03%
CA94106B1013;0.03%
US3614481030;0.03%
US6668071029;0.03%
FR0010313833;0.03%
JP3639650005;0.03%
JP3386450005;0.03%
NL0000334118;0.03%
JP3294460005;0.03%
US4108671052;0.03%
GB00BPQY8M80;0.03%
US89531P1057;0.03%
US8592411016;0.03%
CA7063271034;0.03%
US58506Q1094;0.03%
US48020Q1076;0.03%
NO0003053605;0.03%
IE00BD1RP616;0.03%
CH0012410517;0.03%
IT0003796171;0.03%
US3873281071;0.03%
US7703231032;0.03%
CA2861812014;0.03%
JP3137200006;0.03%
CA12532H1047;0.03%
US5770811025;0.03%
US3724601055;0.03%
JP3344400001;0.03%
US0995021062;0.03%
CA92938W2022;0.03%
US1468691027;0.03%
IT0004810054;0.03%
US06417N1037;0.03%
DE0006602006;0.03%
US6247581084;0.03%
JP3417200007;0.03%
JP3566800003;0.03%
IE00B56GVS15;0.03%
GB00BL9YR756;0.03%
US0010841023;0.03%
US78442P1066;0.03%
DE000TLX1005;0.03%
CH0418792922;0.03%
GB00B0SWJX34;0.03%
US6081901042;0.03%
US4595061015;0.03%
IE00B4Q5ZN47;0.03%
JP3752900005;0.03%
US57686G1058;0.03%
US8334451098;0.03%
CH0024608827;0.03%
KYG3323L1005;0.03%
JP3753000003;0.03%
JP3897700005;0.03%
US45337C1027;0.03%
US2910111044;0.03%
US09739D1000;0.03%
JP3893200000;0.03%
US5528481030;0.03%
CA3359341052;0.03%
US4988941047;0.03%
US3156161024;0.03%
US4432011082;0.03%
US5764852050;0.03%
US87161C5013;0.03%
US23345M1071;0.03%
US8290731053;0.03%
HK0016000132;0.03%
US05329W1027;0.03%
GB0005576813;0.03%
CA6752221037;0.03%
US6800331075;0.03%
US9297401088;0.03%
US9202531011;0.03%
US15872M1045;0.03%
US55616P1049;0.03%
US29530P1021;0.03%
JP3862400003;0.03%
CH0466642201;0.03%
GB0000811801;0.03%
US7240781002;0.03%
US1280302027;0.02%
GB00BYT1DJ19;0.02%
US10922N1037;0.02%
US98138H1014;0.02%
US4576693075;0.02%
US03957W1062;0.02%
CH0018294154;0.02%
US4523271090;0.02%
DE0007664039;0.02%
US9884981013;0.02%
ES0109067019;0.02%
US72352L1061;0.02%
US6501111073;0.02%
JP3942400007;0.02%
US70451X1046;0.02%
US2810201077;0.02%
US68268W1036;0.02%
HK0388045442;0.02%
US74967X1037;0.02%
US2298991090;0.02%
US2244081046;0.02%
BMG4587L1090;0.02%
US2183521028;0.02%
US2003401070;0.02%
US72346Q1040;0.02%
US12621E1038;0.02%
US68902V1070;0.02%
US2674751019;0.02%
HK0006000050;0.02%
JP3659000008;0.02%
CA4488112083;0.02%
US45765U1034;0.02%
GB0031638363;0.02%
SE0020050417;0.02%
US2017231034;0.02%
SE0017486897;0.02%
NL0012969182;0.02%
CA9611485090;0.02%
SE0000190126;0.02%
US67059N1081;0.02%
AT0000BAWAG2;0.02%
FR0000120693;0.02%
US87724P1066;0.02%
US7291321005;0.02%
US3795772082;0.02%
US7502361014;0.02%
US3647601083;0.02%
SE0009922164;0.02%
CA8139211038;0.02%
ES0167050915;0.02%
US7607591002;0.02%
US29261A1007;0.02%
JP3548600000;0.02%
US6935061076;0.02%
IE00BFY8C754;0.02%
US0536111091;0.02%
US09062X1037;0.02%
US8926721064;0.02%
JP3635000007;0.02%
US4878361082;0.02%
IT0001250932;0.02%
FR0006174348;0.02%
CH1101098163;0.02%
JP3967200001;0.02%
DK0061539921;0.02%
US98956P1021;0.02%
US23355L1061;0.02%
HK0019000162;0.02%
CH0311864901;0.02%
AU000000ORI1;0.02%
JP3102000001;0.02%
CH0198251305;0.02%
CA59162N1096;0.02%
NL0015000IY2;0.02%
US30161Q1040;0.02%
US4601461035;0.02%
US4262811015;0.02%
US05969A1051;0.02%
FI0009000202;0.02%
US98419M1009;0.02%
JP3672400003;0.02%
US03990B1017;0.02%
US8851601018;0.02%
US3886891015;0.02%
CA3518581051;0.02%
ES0130670112;0.02%
DE0005470306;0.02%
US0162551016;0.02%
JP3502200003;0.02%
IE0004906560;0.02%
US36266G1076;0.02%
LU2290522684;0.02%
DK0060448595;0.02%
US7766961061;0.02%
US6833441057;0.02%
US5150981018;0.02%
US76954A1034;0.02%
JP3112000009;0.02%
JP3946750001;0.02%
US2948216088;0.02%
HK0003000038;0.02%
US2041661024;0.02%
FR0011726835;0.02%
JP3165700000;0.02%
US8713321029;0.02%
US5596631094;0.02%
US88023U1016;0.02%
FR0000125338;0.02%
JP3637300009;0.02%
US9026811052;0.02%
US9264001028;0.02%
FI0009005961;0.02%
US74758T3032;0.02%
CH0010675863;0.02%
CA68272K1030;0.02%
US4435731009;0.02%
US62482R1077;0.02%
GB0000456144;0.02%
US45841N1072;0.02%
US37637Q1058;0.02%
US6515871076;0.02%
SE0000202624;0.02%
AU000000SHL7;0.02%
SE0000113250;0.02%
US8326964058;0.02%
IT0001233417;0.02%
SE0000108227;0.02%
US30214U1025;0.02%
JP3362700001;0.02%
CA4932711001;0.02%
IT0003242622;0.02%
CH0016440353;0.02%
FR0000130577;0.02%
IE00BDB6Q211;0.02%
IE00BY7QL619;0.02%
JP3305990008;0.02%
CH0024638196;0.02%
GB00BGLP8L22;0.02%
CA1247651088;0.02%
US0997241064;0.02%
FR0000121121;0.02%
JP3224200000;0.02%
NL0011540547;0.02%
FR0014003TT8;0.02%
US9170471026;0.02%
AU000000TLS2;0.02%
PR7331747001;0.02%
IT0000062072;0.02%
CA5527041084;0.02%
US5218652049;0.02%
CA5503721063;0.02%
US0494681010;0.02%
JP3414750004;0.02%
JP3436100006;0.02%
NO0010209331;0.02%
US8618961085;0.02%
US12541W2098;0.02%
US7757111049;0.02%
US4040301081;0.02%
SE0000106270;0.02%
CH0010645932;0.02%
PR3186727065;0.02%
US7611521078;0.02%
SG1T75931496;0.02%
DE000LEG1110;0.02%
SE0000667925;0.02%
CA59151K1084;0.02%
US74164F1030;0.02%
US40171V1008;0.02%
NL0013267909;0.02%
NL0012866412;0.02%
US48666K1097;0.02%
DE000KBX1006;0.02%
US04956D1072;0.02%
JP3973400009;0.02%
US01973R1014;0.02%
CA13321L1085;0.02%
US98980L1017;0.02%
JP3942800008;0.02%
AU000000IAG3;0.02%
JP3499800005;0.02%
JP3104890003;0.02%
US0718131099;0.02%
US7802871084;0.02%
US45780R1014;0.02%
GB00BNHSJN34;0.02%
CH1169151003;0.02%
BMG3198U1027;0.02%
JP3258000003;0.02%
IE00BLNN3691;0.02%
US3802371076;0.02%
GB0000904986;0.02%
BE0003764785;0.02%
US6361801011;0.02%
BE0974464977;0.02%
AU000000RRL8;0.02%
US18915M1071;0.02%
US5186132032;0.02%
US98311A1051;0.02%
JP3955000009;0.02%
JP3419400001;0.02%
DE000A3E5D64;0.02%
US75524B1044;0.02%
US9290891004;0.02%
US40434L1052;0.02%
US4590441030;0.02%
US04010E1091;0.02%
US7739031091;0.02%
US8794338298;0.02%
US1630721017;0.02%
US7841171033;0.02%
ES0130960018;0.02%
JP3621000003;0.02%
FI0009007132;0.02%
JP3188220002;0.02%
PTEDP0AM0009;0.02%
JP3358800005;0.02%
US78454L1008;0.02%
US46269C1027;0.02%
NL0012015705;0.02%
US21036P1084;0.02%
AU000000MPL3;0.02%
US5535301064;0.02%
US9024941034;0.02%
US1266501006;0.02%
GB0006731235;0.02%
CA9628791027;0.02%
US23804L1035;0.02%
GB0008782301;0.02%
IL0011762130;0.02%
CA85472N1096;0.02%
US24703L2025;0.02%
DE0006452907;0.02%
US69370C1009;0.02%
JP3539220008;0.02%
US30040W1080;0.02%
US16359R1032;0.02%
GB0003718474;0.02%
US46222L1089;0.02%
US2582781009;0.02%
JP3122400009;0.02%
NO0005052605;0.02%
US2270461096;0.02%
JP3738600000;0.02%
CH0010570767;0.02%
DE000EVNK013;0.02%
US21044C1071;0.02%
CA70137W1086;0.02%
JP3409000001;0.02%
US2987361092;0.02%
US98954M2008;0.02%
CA09076P1045;0.02%
JP3269600007;0.02%
CA76131D1033;0.02%
AU000000TNE8;0.02%
FR0013280286;0.02%
GB00BGDT3G23;0.02%
SE0011337708;0.02%
US4202611095;0.02%
GB00B0744B38;0.02%
US98585X1046;0.02%
US55405W1045;0.02%
US8965221091;0.02%
NO0010208051;0.02%
US2283681060;0.02%
FI0009013403;0.02%
FI0009007884;0.02%
US1921085049;0.02%
US74736K1016;0.02%
US57060D1081;0.02%
NO0010063308;0.02%
US0235865062;0.02%
US2786421030;0.02%
AU000000QUB5;0.02%
US59001A1025;0.02%
US09061G1013;0.02%
US26603R1068;0.02%
CH1175448666;0.02%
NO0003054108;0.02%
US93627C1018;0.02%
US02553E1064;0.02%
JP3249600002;0.02%
DK0010287663;0.02%
DE0006599905;0.02%
US4101201097;0.02%
US55354G1004;0.02%
AT0000606306;0.02%
GB0006825383;0.02%
US8873891043;0.02%
DK0015250344;0.02%
SE0000195810;0.02%
US3025201019;0.02%
IL0010972789;0.02%
IE0000669501;0.02%
JP3320800000;0.02%
US3703341046;0.02%
KYG217651051;0.02%
US9027881088;0.02%
JP3899600005;0.02%
US9713781048;0.02%
US8740602052;0.02%
GB00B1FH8J72;0.02%
IE0004927939;0.02%
US04316A1088;0.02%
US29355A1079;0.02%
NZFAPE0001S2;0.02%
US61174X1090;0.02%
FR0000120503;0.02%
CA3748252069;0.02%
IE0002424939;0.02%
BMG9460G1015;0.02%
US12653C1080;0.02%
US4368932004;0.02%
SE0007100581;0.02%
JP3634600005;0.02%
AU000000APA1;0.02%
US1699051066;0.02%
KYG0535Q1331;0.02%
US29358P1012;0.02%
US1495681074;0.02%
IE00BFRT3W74;0.02%
IL0003230146;0.02%
IT0003027817;0.02%
JP3711600001;0.02%
CA29446Y5020;0.02%
JP3486800000;0.02%
US49271V1008;0.02%
KYG8187G1055;0.02%
JP3266400005;0.02%
IT0003153415;0.02%
DE0005200000;0.02%
US92243G1085;0.02%
US4074971064;0.02%
US3984331021;0.02%
US1143401024;0.02%
US12740C1036;0.02%
JP3421800008;0.02%
AU000000PME8;0.02%
US00737L1035;0.02%
US1985161066;0.02%
US8010561020;0.02%
US77543R1023;0.02%
US7496071074;0.02%
JP3494600004;0.02%
US6752321025;0.02%
US31847R1023;0.02%
AU000000BEN6;0.02%
GB00B019KW72;0.02%
SE0015192067;0.02%
SG1N31909426;0.02%
US0185811082;0.02%
US92047W1018;0.02%
SE0000117970;0.02%
SG1T56930848;0.02%
FI0009004824;0.02%
US5534981064;0.02%
DK0060079531;0.02%
US00912X3026;0.02%
DE000PAH0038;0.01%
US0427351004;0.01%
IL0006954379;0.01%
IT0004776628;0.01%
GB0007669376;0.01%
US1417881091;0.01%
US55305B1017;0.01%
US5303073051;0.01%
FI0009000459;0.01%
CH0024638212;0.01%
US9604131022;0.01%
US40637H1095;0.01%
US6267171022;0.01%
LU1072616219;0.01%
US03076K1088;0.01%
PTGAL0AM0009;0.01%
US03662Q1058;0.01%
CH0011484067;0.01%
SE0012454072;0.01%
US9581021055;0.01%
IL0002240146;0.01%
FR0000120404;0.01%
JP3289800009;0.01%
BMG0585R1060;0.01%
LU1673108939;0.01%
CA92340V1076;0.01%
US6323071042;0.01%
US86800U3023;0.01%
BE0003874915;0.01%
FR0010451203;0.01%
GB00BMWC6P49;0.01%
GB00B39J2M42;0.01%
US0517741072;0.01%
AU000000SFR8;0.01%
US9197941076;0.01%
AT0000818802;0.01%
US2944291051;0.01%
US0076CA1045;0.01%
GB00BY9D0Y18;0.01%
US34959J1088;0.01%
US3936571013;0.01%
GB00BRXH2664;0.01%
AU000000AZJ1;0.01%
US92556H2067;0.01%
US86614U1007;0.01%
SE0017615644;0.01%
US2244411052;0.01%
NO0010582521;0.01%
US1170431092;0.01%
US1096411004;0.01%
SG1I52882764;0.01%
FR0000121220;0.01%
US50189K1034;0.01%
NO0003733800;0.01%
DE0008232125;0.01%
US7034811015;0.01%
US9427491025;0.01%
US13057Q3056;0.01%
AU0000061897;0.01%
KYG2177B1014;0.01%
JP3351500008;0.01%
US0584981064;0.01%
GB00BHJYC057;0.01%
US4364401012;0.01%
US2600031080;0.01%
US0538071038;0.01%
FR0000124141;0.01%
US3546131018;0.01%
JP3497400006;0.01%
SE0021921269;0.01%
AU000000COH5;0.01%
JP3630550006;0.01%
JP3914400001;0.01%
US6011371027;0.01%
US71880K1016;0.01%
SE0017832488;0.01%
JP3814000000;0.01%
US7055731035;0.01%
HK0083000502;0.01%
FR0000121709;0.01%
US02043Q1076;0.01%
US23918K1088;0.01%
ES0124244E34;0.01%
US6556641008;0.01%
SG0531000230;0.01%
US7436061052;0.01%
CA6837151068;0.01%
US9288811014;0.01%
DE000A3H2200;0.01%
US4990491049;0.01%
US7033951036;0.01%
US0889291045;0.01%
US0454871056;0.01%
CA2499061083;0.01%
US83444M1018;0.01%
US3602711000;0.01%
US87305R1095;0.01%
GB00B1FW5029;0.01%
US92343E1029;0.01%
CA6632782083;0.01%
IT0000072170;0.01%
US9507551086;0.01%
US7416231022;0.01%
IT0003856405;0.01%
JP3505000004;0.01%
US37940X1028;0.01%
CA8849038085;0.01%
BE0003470755;0.01%
US9293281021;0.01%
JP3246400000;0.01%
NZCENE0001S6;0.01%
CH0012032113;0.01%
AT0000746409;0.01%
JP3629000005;0.01%
BE0974258874;0.01%
US4281031058;0.01%
JP3429300001;0.01%
IT0003828271;0.01%
US3723032062;0.01%
AU000000WTC3;0.01%
CH0238627142;0.01%
US1442851036;0.01%
DK0060854669;0.01%
AU000000CPU5;0.01%
CH0531751755;0.01%
US28414H1032;0.01%
JP3778630008;0.01%
JP3877600001;0.01%
US2545431015;0.01%
US5745991068;0.01%
SE0015658109;0.01%
US7391281067;0.01%
FR0004125920;0.01%
US1248051021;0.01%
US06652K1034;0.01%
US4778391049;0.01%
US60770K1079;0.01%
US4234521015;0.01%
IE0005711209;0.01%
JP3270000007;0.01%
JP3233250004;0.01%
CH0012335540;0.01%
MHY7542C1306;0.01%
US90984P3038;0.01%
FI0009005870;0.01%
US2942681071;0.01%
JP3820000002;0.01%
JP3119600009;0.01%
JP3284600008;0.01%
SE0009921588;0.01%
AU000000PRU3;0.01%
NZTELE0001S4;0.01%
US91347P1057;0.01%
US8163001071;0.01%
US8175651046;0.01%
US5926881054;0.01%
US7033431039;0.01%
US53115L1044;0.01%
SG1F60858221;0.01%
CH0012255151;0.01%
US36251C1036;0.01%
US5018892084;0.01%
US91680M1071;0.01%
PR67103X1020;0.01%
US9598021098;0.01%
US3535141028;0.01%
SG1U68934629;0.01%
US2005251036;0.01%
IT0000784196;0.01%
BMG3075P1014;0.01%
US1491501045;0.01%
US03937C1053;0.01%
US23204G1004;0.01%
US6882392011;0.01%
US88224Q1076;0.01%
JP3511800009;0.01%
US0476491081;0.01%
AU000000REA9;0.01%
US5012421013;0.01%
BMG684371393;0.01%
US1264021064;0.01%
JP3481800005;0.01%
US81141R1005;0.01%
US32051X1081;0.01%
US48203R1041;0.01%
JP3210200006;0.01%
US08265T2087;0.01%
JP3149700001;0.01%
US5312297220;0.01%
US5562691080;0.01%
US8542311076;0.01%
US70438V1061;0.01%
IT0003865570;0.01%
US4586653044;0.01%
AU000000RMS4;0.01%
GB0022569080;0.01%
GB00B17BBQ50;0.01%
NL0009432491;0.01%
DE0007010803;0.01%
US44951W1062;0.01%
US9858171054;0.01%
US2358252052;0.01%
US5370081045;0.01%
IT0003261697;0.01%
DK0015998017;0.01%
CA14179V5036;0.01%
ES0116870314;0.01%
JP3894900004;0.01%
DE000ZAL1111;0.01%
CA1130041058;0.01%
JP3322930003;0.01%
CA3499421020;0.01%
GB00BMVP7Y09;0.01%
CA74061A1084;0.01%
US07831C1036;0.01%
US83175M2052;0.01%
CH1110425654;0.01%
US08160H1014;0.01%
JP3830000000;0.01%
SE0014781795;0.01%
US69753M1053;0.01%
JP3271400008;0.01%
US3131483063;0.01%
US62955J1034;0.01%
BMG491BT1088;0.01%
GB00BF8Q6K64;0.01%
US78351F1075;0.01%
JP3117700009;0.01%
FI4000312251;0.01%
SE0000379190;0.01%
US65290E1010;0.01%
JP3597800006;0.01%
SGXE62145532;0.01%
US6005441000;0.01%
GB0009465807;0.01%
US4026355028;0.01%
SG1DH9000006;0.01%
US0126531013;0.01%
NZMELE0002S7;0.01%
US4433201062;0.01%
LU0974299876;0.01%
AU000000AMP6;0.01%
US3004261034;0.01%
JP3279400000;0.01%
IL0005930388;0.01%
US4415931009;0.01%
JP3868400007;0.01%
BMG524401079;0.01%
US4042511000;0.01%
GB00B1722W11;0.01%
HK0000063609;0.01%
JP3368000000;0.01%
IL0011042491;0.01%
ES0157261019;0.01%
IL0002810146;0.01%
US96208T1043;0.01%
US7599161095;0.01%
US3208171096;0.01%
NL0000009165;0.01%
US4972661064;0.01%
CH0334081137;0.01%
AU000000QAN2;0.01%
JP3196000008;0.01%
US8910921084;0.01%
US4128221086;0.01%
US89214P1093;0.01%
FI0009014575;0.01%
SG1S83002349;0.01%
DE0005158703;0.01%
US9099071071;0.01%
US89055F1030;0.01%
US6292093050;0.01%
GB00BYQ0JC66;0.01%
US09073M1045;0.01%
GB0007908733;0.01%
JP3360800001;0.01%
IT0000076486;0.01%
US0774541066;0.01%
FI0009014377;0.01%
JP3368400002;0.01%
JP3198900007;0.01%
CA39138C1068;0.01%
CA1130041058;0.01%
NZMRPE0001S2;0.01%
NO0011082075;0.01%
GB00BYZDVK82;0.01%
US00922R1059;0.01%
FR0013227113;0.01%
JP3188200004;0.01%
US01748X1028;0.01%
US34354P1057;0.01%
US69318G1067;0.01%
US35905A1097;0.01%
SE0005677135;0.01%
BE0974259880;0.01%
US00766T1007;0.01%
BMG812761002;0.01%
JP3400400002;0.01%
GB00B1KJJ408;0.01%
JP3298400007;0.01%
US4538361084;0.01%
US59100U1088;0.01%
JP3918000005;0.01%
IT0004764699;0.01%
FR0010929125;0.01%
IL0007630119;0.01%
US32055Y2019;0.01%
NZEBOE0001S6;0.01%
GB00B63QSB39;0.01%
CA5503711080;0.01%
CA8910546032;0.01%
CH1169360919;0.01%
JP3386380004;0.01%
US06652V2088;0.01%
JP3358000002;0.01%
US8793601050;0.01%
US7415111092;0.01%
HK0012000102;0.01%
JE00BYPZJM29;0.01%
US2540671011;0.01%
BE0974256852;0.01%
FI4000507124;0.01%
GB00BP0RGD03;0.01%
JP3409800004;0.01%
US1046741062;0.01%
US0953061068;0.01%
US4891701009;0.01%
FR0013447729;0.01%
US08579W1036;0.01%
BE0003878957;0.01%
US6680743050;0.01%
CH0024590272;0.01%
JP3375800004;0.01%
JP3924800000;0.01%
US1924221039;0.01%
US6556631025;0.01%
CA87505Y4094;0.01%
SE0000112724;0.01%
DK0060094928;0.01%
US7818462092;0.01%
CA3180714048;0.01%
IL0011574030;0.01%
CA0213611001;0.01%
US87265H1095;0.01%
CA7392391016;0.01%
AU000000GOR5;0.01%
CA11777Q2099;0.01%
US1598641074;0.01%
PTSON0AM0001;0.01%
NO0003043309;0.01%
HK0011000095;0.01%
US0050981085;0.01%
JP3802400006;0.01%
GB00BYXJC278;0.01%
DE000KGX8881;0.01%
US3927091013;0.01%
JP3402600005;0.01%
US6031581068;0.01%
US3020811044;0.01%
JP3399310006;0.01%
US1717793095;0.01%
US69478X1054;0.01%
US46116X1019;0.01%
NL0010583399;0.01%
US7006581075;0.01%
GB00BDVZYZ77;0.01%
JP3546800008;0.01%
MHY2065G1219;0.01%
US6311031081;0.01%
US9022521051;0.01%
US81730H1095;0.01%
MU0117U00026;0.01%
US74319R1014;0.01%
JP3688370000;0.01%
BE0165385973;0.01%
US3202091092;0.01%
JP3888300005;0.01%
BMG0772R2087;0.01%
CA6445351068;0.01%
BMG8192H1060;0.01%
BMG9618E1075;0.01%
IE00BKVD2N49;0.01%
FR0000044448;0.01%
US8807791038;0.01%
AU000000BPT9;0.01%
US88033G4073;0.01%
US25754A2015;0.01%
US45167R1041;0.01%
NL00150003E1;0.01%
DE0007500001;0.01%
JP3853000002;0.01%
IT0004931058;0.01%
US55405Y1001;0.01%
CA9528451052;0.01%
DE0006048432;0.01%
JP3548770001;0.01%
AU000000IPL1;0.01%
US1462291097;0.01%
US26622P1075;0.01%
JP3205800000;0.01%
CH0014284498;0.01%
US71363P1066;0.01%
US0565251081;0.01%
FI0009005987;0.01%
AU0000088338;0.01%
US05478C1053;0.01%
CA00762V1094;0.01%
CA4509131088;0.01%
JP3174410005;0.01%
IL0010845571;0.01%
SG1R89002252;0.01%
US33768G1076;0.01%
JP3218900003;0.01%
AU000000TWE9;0.01%
US1266001056;0.01%
IL0011334468;0.01%
US04911A1079;0.01%
DK0060946788;0.01%
AT0000743059;0.01%
US3719011096;0.01%
US60937P1066;0.01%
US81768T1088;0.01%
AU000000LOV7;0.01%
FR0012757854;0.01%
JP3774200004;0.01%
FR0000051807;0.01%
US25659T1079;0.01%
CA8911021050;0.01%
JP3827200001;0.01%
JP3471800007;0.01%
GB00B8C3BL03;0.01%
US7710491033;0.01%
US38267D1090;0.01%
JE00BM9HZ112;0.01%
US7050151056;0.01%
DE000PAG9113;0.01%
CA1249003098;0.01%
US1184401065;0.01%
CH0011795959;0.01%
US4464131063;0.01%
AU000000HVN7;0.01%
JP3228600007;0.01%
JP3431900004;0.01%
CA2918434077;0.01%
US8190471016;0.01%
US8793691069;0.01%
JP3665200006;0.01%
US36237H1014;0.01%
US5132721045;0.01%
US48242W1062;0.01%
GB0031743007;0.01%
JP3783420007;0.01%
JP3695200000;0.01%
AU000000CAR3;0.01%
JP3799000009;0.01%
FR0000039299;0.01%
GB0033195214;0.01%
US3825501014;0.01%
US9111631035;0.01%
SE0011090018;0.01%
US7140461093;0.01%
CH1176493729;0.01%
IE00BDVJJQ56;0.01%
US0905722072;0.01%
SE0014504817;0.01%
US6177001095;0.01%
BMG5695X1258;0.01%
US98983L1089;0.01%
BMG8726X1065;0.01%
SE0000375115;0.01%
HK0066009694;0.01%
US0123481089;0.01%
IL0011301780;0.01%
US3434981011;0.01%
CA3803551074;0.01%
DE000A0Z2ZZ5;0.01%
AU000000BOQ8;0.01%
KYG8813K1085;0.01%
SE0001634262;0.01%
JP3600200004;0.01%
SE0001515552;0.01%
US22410J1060;0.01%
US0736851090;0.01%
SE0012853455;0.01%
CA15713J1049;0.01%
JP3343200006;0.01%
US8887871080;0.01%
CA0467894006;0.01%
US29109X1063;0.01%
US68235P1084;0.01%
US12685J1051;0.01%
CA2652692096;0.01%
IT0005211237;0.01%
NZXROE0001S2;0.01%
IE00BLS09M33;0.01%
AU000000NWL7;0.01%
BE0003867844;0.01%
US82982L1035;0.01%
US78467J1007;0.01%
JE00BQC4YW14;0.01%
GB00BD0NVK62;0.01%
US8545021011;0.01%
CA9237251058;0.01%
US6819191064;0.01%
IL0005760173;0.01%
CA26886R1047;0.01%
US7310681025;0.01%
SE0015961909;0.01%
SE0010832204;0.01%
US02376R1023;0.01%
US0024741045;0.01%
US14365C1036;0.01%
JP3944130008;0.01%
JP3379900008;0.01%
SG1V61937297;0.01%
US8117078019;0.01%
US9282981086;0.01%
US7403674044;0.01%
US1152361010;0.01%
CA89055A2039;0.01%
JP3433500000;0.01%
JP3404200002;0.01%
US29357K1034;0.01%
US8354951027;0.01%
HK0023000190;0.01%
US45784P1012;0.01%
FR0000121329;0.01%
CH0225173167;0.01%
JP3351100007;0.01%
US25432X1028;0.01%
JP3253900009;0.01%
US74435K2042;0.01%
US19247G1076;0.01%
US9570901036;0.01%
JP3647800006;0.01%
JP3276400003;0.01%
GB00B0LCW083;0.01%
US0625401098;0.01%
US9292361071;0.01%
US74623V1035;0.01%
US8581552036;0.01%
BMG9456A1009;0.01%
US9388241096;0.01%
JP3293200006;0.01%
US92338C1036;0.01%
US9139151040;0.01%
JP3835250006;0.01%
JP3151600008;0.01%
AU000000ASX7;0.01%
US5006881065;0.01%
FI0009003727;0.01%
US1167941087;0.01%
US5341871094;0.01%
CH0008837566;0.01%
US0900431000;0.01%
US5355551061;0.01%
GB00B06QFB75;0.01%
AU000000LLC3;0.01%
US52567D1072;0.01%
CA4436281022;0.01%
US92846Q1076;0.01%
JP3638600001;0.01%
JP3718800000;0.01%
US2372661015;0.01%
JP3263000006;0.01%
SE0015949201;0.01%
US1096961040;0.01%
JP3260800002;0.01%
NL0015000LU4;0.01%
IE0003LFZ4U7;0.01%
JP3548660004;0.01%
JP3888400003;0.01%
US9120081099;0.01%
US5747951003;0.01%
US79589L1061;0.01%
SE0000862997;0.01%
FR0000053381;0.01%
SE0000114837;0.01%
JP3429800000;0.01%
US5184391044;0.01%
AT0000730007;0.01%
SE0000115420;0.01%
JP3336000009;0.01%
US98980G1022;0.01%
DE0008303504;0.01%
AU000000NHF0;0.01%
JP3420600003;0.01%
US8086251076;0.01%
CA87262K1057;0.01%
US78463M1071;0.01%
US3746891072;0.01%
GG00BMG42V42;0.01%
US17243V1026;0.01%
DE0005190037;0.01%
JP3805010000;0.01%
JP3712600000;0.01%
NL0015001FS8;0.01%
FR0000071946;0.01%
BMG9400S1329;0.01%
CA04764T1049;0.01%
BMG5800U1071;0.01%
JP3933800009;0.01%
US1307881029;0.01%
US1474481041;0.01%
US1547604090;0.01%
CH0011108872;0.01%
ES0125220311;0.01%
JP3743000006;0.01%
US5797802064;0.01%
US5053361078;0.01%
US1565043007;0.01%
JP3831600006;0.01%
US4228062083;0.01%
KYG393871085;0.01%
US2561631068;0.01%
DE000BAY0017;0.01%
FI4000552500;0.01%
CA6993202069;0.01%
GB00BV9FP302;0.01%
BMG850801025;0.01%
SE0017161243;0.01%
US1156372096;0.01%
BMG0750C1082;0.01%
JP3979200007;0.01%
CA7819036046;0.01%
US0316521006;0.01%
ES0132105018;0.01%
US98139A1051;0.01%
GB0003452173;0.01%
US5002551043;0.01%
KYG4124C1096;0.01%
DE000A1PHFF7;0.01%
SE0000695876;0.01%
US5006432000;0.01%
SE0001664707;0.01%
US3687361044;0.01%
NL0013056914;0.01%
US37247D1063;0.01%
US1727551004;0.01%
NO0010379266;0.01%
US42330P1075;0.01%
JP3777800008;0.01%
SE0007692850;0.01%
JP3651400008;0.01%
BMG3922B1072;0.01%
DK0060634707;0.01%
US12468P1049;0.01%
US4771431016;0.01%
SE0005190238;0.01%
CA1254911003;0.01%
US4489475073;0.01%
DK0010181759;0.01%
US82452J1097;0.01%
KYG872641009;0.01%
FR0000053225;0.01%
GB0004657408;0.01%
US70932M1071;0.01%
US74112D1019;0.01%
US5763231090;0.01%
JP3787000003;0.01%
US9741551033;0.01%
US5184151042;0.01%
US40416E1038;0.01%
LU0075646355;0.01%
SE0023615885;0.01%
US90364P1057;0.01%
JP3596200000;0.01%
US0375981091;0.01%
FI4000197934;0.01%
US9633201069;0.01%
JP3160670000;0.01%
AU0000364754;0.01%
GB00BF4HYT85;0.01%
US5873761044;0.01%
US3379321074;0.01%
CH0014786500;0.01%
AU000000LYC6;0.01%
IT0004729759;0.01%
NO0010715139;0.01%
US4538386099;0.01%
ES0105066007;0.01%
US0003602069;0.01%
FR0000054470;0.01%
US9168961038;0.01%
US70975L1070;0.01%
JP3201600008;0.01%
GB00BNGDN821;0.01%
US74052F1084;0.01%
NO0010736879;0.01%
SE0000120669;0.01%
CA29269R1055;0.01%
US74347M1080;0.01%
JP3660400007;0.01%
CA1367178326;0.01%
JP3689500001;0.01%
FR0010340141;0.01%
AU000000IGO4;0.01%
US44891N2080;0.01%
CA87971M1032;0.01%
JP3705200008;0.01%
DE0005093108;0.01%
FI4000074984;0.01%
US92511U1025;0.01%
JP3386410009;0.01%
JP3336560002;0.01%
CA13000C2058;0.01%
BSP736841136;0.01%
JP3116000005;0.01%
CA74935Q1072;0.01%
US36118L1061;0.01%
DE000HAG0005;0.01%
SE0000584948;0.01%
US45778Q1076;0.01%
JP3613000003;0.01%
CH0012829898;0.01%
US2681501092;0.01%
US53263P1057;0.01%
CH0012142631;0.01%
CA36168Q1046;0.01%
GB0004866223;0.01%
JP3347600003;0.01%
CA7481932084;0.01%
JP3424950008;0.01%
JP3355000005;0.01%
US90385V1070;0.01%
US0226711010;0.01%
JP3750400008;0.01%
DK0060636678;0.01%
US5533681012;0.01%
US8448951025;0.01%
JP3574200006;0.01%
CA2849025093;0.01%
CA14071L1085;0.01%
JP3105250009;0.01%
US6337071046;0.01%
US89400J1079;0.01%
US4282911084;0.01%
NO0010310956;0.01%
AU000000REH4;0.01%
US37637K1088;0.01%
US82900L1026;0.01%
US88031M1099;0.01%
SE0000106205;0.01%
US2210061097;0.01%
JP3146200005;0.01%
IE00B00MZ448;0.01%
GB00BVFNZH21;0.01%
GB00BLDRH360;0.01%
US15189T1079;0.01%
IT0003115950;0.01%
SE0015658117;0.01%
US3142111034;0.01%
CH0012255144;0.01%
GB00B082RF11;0.01%
US9043111072;0.01%
JP3505400006;0.01%
CA6665111002;0.01%
CA0977518616;0.01%
US9119221029;0.01%
JE00BF50RG45;0.01%
AU000000FLT9;0.01%
US6936561009;0.01%
JP3351050004;0.01%
US81211K1007;0.01%
US29605J1060;0.01%
CA24477T1003;0.01%
JP3162770006;0.01%
IT0004965148;0.01%
CH0239229302;0.01%
CA33767E2024;0.01%
IT0004056880;0.01%
IL0011284465;0.01%
JP3148800000;0.01%
US55345K1034;0.01%
NL0015001OI1;0.01%
GB00B7KR2P84;0.01%
JP3347200002;0.01%
DE0005785604;0.01%
GB0001826634;0.01%
JP3414700009;0.01%
US6914973093;0.01%
US69888T2078;0.01%
JP3252200005;0.01%
US3029411093;0.01%
AU000000WGX6;0.01%
US0545402085;0.01%
GB00BMH18Q19;0.01%
SE0000163594;0.01%
JP3247010006;0.01%
CA7847301032;0.01%
US8803451033;0.01%
US21874C1027;0.01%
JP3456000003;0.01%
CH0043238366;0.01%
JP3493800001;0.01%
SE0006288015;0.01%
IT0001207098;0.01%
JP3220580009;0.01%
FR0013506730;0.01%
JP3172500005;0.01%
US42226A1079;0.01%
GB00BYT18307;0.01%
GB00B45C9X44;0.01%
JP3756200006;0.01%
DE0006335003;0.01%
US58844R1086;0.01%
DE000A12DM80;0.01%
GB0006640972;0.01%
US65249B2088;0.01%
US0936711052;0.01%
CH0012549785;0.01%
AU000000CIA2;0.01%
US4050241003;0.01%
US88642R1095;0.01%
US18467V1098;0.01%
SE0011426428;0.01%
JP3966800009;0.01%
BE0003822393;0.01%
US03209R1032;0.01%
HK0004000045;0.01%
DE0006766504;0.01%
JP3357200009;0.01%
HK0101000591;0.01%
JP3167500002;0.01%
US4403271046;0.01%
US64111Q1040;0.01%
CA1033101082;0.01%
JP3610600003;0.01%
SE0017780133;0.01%
US26210C1045;0.01%
US66765N1054;0.01%
JP3634200004;0.01%
US4227041062;0.01%
US5962781010;0.01%
US2057683029;0.01%
JP3906000009;0.01%
US74834L1008;0.01%
US9821041012;0.01%
US4104952043;0.01%
JP3299600001;0.01%
JP3841800000;0.01%
ES0182870214;0.01%
JP3750500005;0.01%
US1244111092;0.01%
FR0010112524;0.01%
GB00B2NGPM57;0.01%
AU000000EVT1;0.01%
US91879Q1094;0.01%
JP3336600006;0.01%
DK0060700516;0.01%
AU000000WGX6;0.01%
JP3955800002;0.01%
AU000000SUL0;0.01%
BMG988031446;0.01%
JP3769000005;0.01%
NL0006237562;0.01%
JP3976000004;0.01%
DK0010311471;0.01%
US47103N1063;0.01%
US4103451021;0.01%
GB00B1VNSX38;0.01%
DE000KSAG888;0.01%
IT0005495657;0.01%
CA67072Q1046;0.01%
US5253271028;0.01%
US0381692070;0.01%
US4228191023;0.01%
BE0974320526;0.01%
AU000000CMM9;0.01%
FR0010667147;0.01%
JP3254200003;0.01%
FR0010908533;0.01%
US92839U2069;0.01%
AU000000ING6;0.01%
JP3449100001;0.01%
DE0005773303;0.01%
JP3122800000;0.01%
SE0018012635;0.01%
GB00B7N0K053;0.01%
GB00BD45SH49;0.01%
JP3520700000;0.01%
JP3958000006;0.01%
US6304021057;0.01%
US98954M1018;0.01%
AU0000184459;0.01%
CH0019396990;0.01%
US7194051022;0.01%
JP3891200002;0.01%
DE0006969603;0.01%
US4884011002;0.01%
JP3173400007;0.01%
US8309401029;0.01%
GB00BZ4BQC70;0.01%
GB0030232317;0.01%
US8060371072;0.01%
US4404521001;0.01%
BMG762791017;0.01%
AU0000013559;0.01%
US87484T1088;0.01%
GB0004052071;0.01%
US05945F1030;0.01%
DE0006219934;0.01%
FR0000120966;0.01%
IL0003140139;0.01%
US6877931096;0.01%
US20786W1071;0.01%
US0341641035;0.01%
AU0000154833;0.01%
US65336K1034;0.01%
DE000FTG1111;0.01%
AU000000SGM7;0.01%
IL0011194789;0.01%
NO0010631567;0.01%
US09624H2085;0.01%
US6536561086;0.01%
JP3843400007;0.01%
CH0011029946;0.01%
US11373M1071;0.01%
HK0000093390;0.01%
US66405S1006;0.01%
DE000A2YN900;0.01%
US4485791028;0.01%
IL0002300114;0.01%
IL0010811243;0.01%
PTJMT0AE0001;0.01%
CH0030486770;0.01%
CH0012453913;0.01%
AU0000251498;0.01%
US30063P1057;0.01%
NL0000852523;0.01%
JP3800270005;0.01%
US83304A1060;0.01%
AU000000ALQ6;0.01%
AU000000GNC9;0.01%
US9892071054;0.01%
IT0003121677;0.01%
ES0180907000;0.01%
JP3325600009;0.01%
GB00BNNTLN49;0.01%
JP3429250008;0.01%
CH0130293662;0.01%
US95058W1009;0.01%
JP3935300008;0.01%
JP3754200008;0.01%
JP3935600001;0.01%
DK0010307958;0.01%
JP3763000001;0.01%
DK0010219153;0.01%
CH0002432174;0.01%
US4228061093;0.01%
US9818111026;0.01%
US03763A2078;0.01%
CA80013R2063;0.01%
US70202L1026;0.01%
GB00BFZNLB60;0.01%
US6443931000;0.01%
US88076W1036;0.01%
NL0012170237;0.01%
JP3197600004;0.01%
AU0000016875;0.01%
JP3606600009;0.01%
FI0009005318;0.01%
AT0000831706;0.01%
US1005571070;0.01%
JP3548500002;0.01%
JP3415400005;0.01%
JP3796150005;0.01%
US4180561072;0.01%
US7476191041;0.01%
JP3246500007;0.01%
US69318J1007;0.01%
JP3733400000;0.01%
FR0000050809;0.01%
JP3355400007;0.01%
US8168501018;0.01%
FR0013176526;0.01%
US8962391004;0.01%
JP3598600009;0.01%
DE0005772206;0.01%
JP3166900005;0.01%
US80689H1023;0.01%
JP3742600004;0.01%
DE000A161408;0.01%
JP3555700008;0.01%
GB00B1WY2338;0.01%
FR0000077919;0.01%
US3906071093;0.01%
US8101861065;0.01%
JP3399400005;0.01%
US2681582019;0.01%
JP3940000007;0.01%
US84790A1051;0.01%
SE0015671995;0.01%
JP3155350006;0.01%
US00187Y1001;0.01%
JP3571800006;0.01%
JP3411000007;0.01%
JP3281900005;0.01%
DK0060738599;0.01%
AU000000MIN4;0.01%
JP3902000003;0.01%
IL0010958358;0.01%
IL0002260193;0.01%
JP3229400001;0.01%
AU000000ELD6;0.01%
US00973Y1082;0.01%
SE0023615638;0.01%
US3976241071;0.01%
CA1946931070;0.01%
JP3480470008;0.01%
JP3298000005;0.01%
US63945M1071;0.01%
FR0000054900;0.01%
AT0000937503;0.01%
JP3206000006;0.01%
CA69946Q1046;0.01%
US78648T1007;0.01%
FR0005691656;0.01%
US5138471033;0.01%
US02361E1082;0.01%
DE0006048408;0.01%
US6792951054;0.01%
GB00BM8Q5M07;0.01%
US8064071025;0.01%
US5657881067;0.01%
JP3300600008;0.01%
CA46016U1084;0.01%
US5168062058;0.01%
US09180C1062;0.01%
JP3937200008;0.01%
JP3292200007;0.01%
US1630861011;0.01%
US1091941005;0.01%
SE0006422390;0.01%
US70959W1036;0.00%
JP3667600005;0.00%
FR0011675362;0.00%
JP3219000001;0.00%
JP3869010003;0.00%
US9043112062;0.00%
GB00B1CKQ739;0.00%
US00847X1046;0.00%
NL0000360618;0.00%
DK0060036564;0.00%
KYG8232Y1017;0.00%
JP3126340003;0.00%
CH0009002962;0.00%
IT0000062957;0.00%
US92828Q1094;0.00%
DE0007165631;0.00%
US5312297485;0.00%
IL0007770378;0.00%
JP3677200002;0.00%
CA00791P1071;0.00%
US74051N1028;0.00%
JP3153850007;0.00%
US36315X1019;0.00%
SE0000163628;0.00%
US8666831057;0.00%
CA5054401073;0.00%
IT0005162406;0.00%
US3596941068;0.00%
JP3197800000;0.00%
AU000000IEL5;0.00%
JP3993400005;0.00%
JP3396210001;0.00%
US6517185046;0.00%
FI0009013296;0.00%
JP3124400007;0.00%
US29362U1043;0.00%
JP3399200009;0.00%
JP3340800006;0.00%
GB00BZ0D6727;0.00%
JP3266190002;0.00%
US3909051076;0.00%
US9746371007;0.00%
GB00BKDRYJ47;0.00%
SE0007074281;0.00%
IL0003900136;0.00%
US8589271068;0.00%
US88162G1031;0.00%
US2197981051;0.00%
SE0022419784;0.00%
IE00BJMZDW83;0.00%
US0304201033;0.00%
AU0000355588;0.00%
HK0008011667;0.00%
GB00BQS10J50;0.00%
JP3673600007;0.00%
JP3266800006;0.00%
JP3636650008;0.00%
US19247A1007;0.00%
CH0126673539;0.00%
US8962881079;0.00%
US50187T1060;0.00%
GB00BCRX1J15;0.00%
SE0016787071;0.00%
CA46579R1047;0.00%
JP3161160001;0.00%
US2067871036;0.00%
CA4495861060;0.00%
LU0088087324;0.00%
US20717M1036;0.00%
JP3649800004;0.00%
KYG9593A1040;0.00%
NO0010345853;0.00%
VGG1890L1076;0.00%
US10316T1043;0.00%
US57667L1070;0.00%
GB0004270301;0.00%
US00751Y1064;0.00%
JP3675600005;0.00%
JP3982800009;0.00%
US2927651040;0.00%
AU0000107484;0.00%
US1295001044;0.00%
US52603A2087;0.00%
ES0184262212;0.00%
US8684591089;0.00%
JP3761600000;0.00%
JP3536150000;0.00%
JP3670800006;0.00%
CA0906971035;0.00%
JP3132600002;0.00%
DE0007493991;0.00%
US0576652004;0.00%
SE0015949748;0.00%
US0235761014;0.00%
US16679L1098;0.00%
GB00BMJ6DW54;0.00%
JE00BYVQYS01;0.00%
US24665A1034;0.00%
US2342641097;0.00%
JP3756100008;0.00%
JP3965800000;0.00%
GB00BM8NFJ84;0.00%
LU0775917882;0.00%
US15118V2079;0.00%
US6802771005;0.00%
DK0061804770;0.00%
JP3709600005;0.00%
FI4000369947;0.00%
JP3930200005;0.00%
US1263491094;0.00%
JP3330000005;0.00%
JP3919200000;0.00%
JP3552290003;0.00%
US27627N1054;0.00%
JP3358200008;0.00%
US91851C2017;0.00%
JP3326000001;0.00%
US1261171003;0.00%
AU000000ARB5;0.00%
AU000000MFG4;0.00%
US57638P1049;0.00%
JP3214350005;0.00%
CA0156581070;0.00%
US6350171061;0.00%
IL0007670123;0.00%
US26856L1035;0.00%
JP3876600002;0.00%
US8610251048;0.00%
US18538R1032;0.00%
JP3842400008;0.00%
JP3268950007;0.00%
BMG7738W1064;0.00%
NO0005806802;0.00%
JP3965400009;0.00%
US74275K1088;0.00%
JP3152820001;0.00%
NO0003078800;0.00%
FR0000120859;0.00%
JP3277150003;0.00%
NL0015001W49;0.00%
NL0012650360;0.00%
JP3871200006;0.00%
CH0048265513;0.00%
FI0009002422;0.00%
IL0010972607;0.00%
GB00BGBN7C04;0.00%
FR0012435121;0.00%
US5260573028;0.00%
US24906P1093;0.00%
US6404911066;0.00%
AU000000NCK1;0.00%
US30257X1046;0.00%
JP3982400008;0.00%
US2937121059;0.00%
US4606901001;0.00%
US1271903049;0.00%
JP3676800000;0.00%
US88337F1057;0.00%
JP3117200000;0.00%
JP3271600003;0.00%
AU000000WOR2;0.00%
JP3167420003;0.00%
FR0000127771;0.00%
JP3206200002;0.00%
US5165441032;0.00%
JP3715200006;0.00%
JP3535400000;0.00%
DE000WCH8881;0.00%
JP3657400002;0.00%
US03852U1060;0.00%
US0773473006;0.00%
JP3483850008;0.00%
JP3922930007;0.00%
DE000SYM9999;0.00%
JP3106200003;0.00%
GB00B1ZBKY84;0.00%
US56117J1007;0.00%
JP3114800000;0.00%
JP3493400000;0.00%
US2689481065;0.00%
US89679E3009;0.00%
US2787681061;0.00%
JP3726200003;0.00%
US18539C2044;0.00%
CA53278L1076;0.00%
GB00BP9LHF23;0.00%
US29667J1016;0.00%
AU000000ASB3;0.00%
CH0022268228;0.00%
DK0010244508;0.00%
JP3781650001;0.00%
NO0006390301;0.00%
US55306N1046;0.00%
JP3423800006;0.00%
US8472151005;0.00%
JP3421100003;0.00%
US49926D1090;0.00%
US0305061097;0.00%
NL0011872650;0.00%
DE000SHL1006;0.00%
SE0022062196;0.00%
CA1366812024;0.00%
US74727A1043;0.00%
SE0006993770;0.00%
JP3845770001;0.00%
US8036071004;0.00%
US63938C1080;0.00%
CH0100837282;0.00%
JP3974450003;0.00%
GB0004762810;0.00%
US8679751045;0.00%
US97717P1049;0.00%
GG00BMGYLN96;0.00%
DE0005565204;0.00%
DE000SAFH001;0.00%
IE00BGH1M568;0.00%
BMG6359F1370;0.00%
AU000000MND5;0.00%
DE0005104400;0.00%
GB00BYQB9V88;0.00%
JP3768600003;0.00%
JP3280200001;0.00%
US8003631038;0.00%
GB0001859296;0.00%
DE0005470405;0.00%
US3024913036;0.00%
US83570H1086;0.00%
ES0127797019;0.00%
JP3822000000;0.00%
US37253A1034;0.00%
JP3584400000;0.00%
JP3126400005;0.00%
NZIFTE0003S3;0.00%
US1344291091;0.00%
US44267T1025;0.00%
JP3826900007;0.00%
JP3274400005;0.00%
JP3146000009;0.00%
CH0002178181;0.00%
JP3734800000;0.00%
US6359061008;0.00%
BMG4388N1065;0.00%
US3846371041;0.00%
JP3194800003;0.00%
AU000000ILU1;0.00%
US45781M1018;0.00%
SE0007871363;0.00%
SE0007100359;0.00%
IL0011216723;0.00%
US23282W6057;0.00%
JP3485600005;0.00%
US1265011056;0.00%
JP3940400009;0.00%
BMG5150J1577;0.00%
US05561Q2012;0.00%
JP3405400007;0.00%
JP3974100004;0.00%
US10806X1028;0.00%
JP3899800001;0.00%
JP3243600008;0.00%
CA4882951060;0.00%
JP3723000000;0.00%
AU000000BKW4;0.00%
CA1520061021;0.00%
JP3396350005;0.00%
JP3131200002;0.00%
JP3658800002;0.00%
US7473161070;0.00%
US55826T1025;0.00%
CA32076V1031;0.00%
AU000000DMP0;0.00%
GB0002148343;0.00%
US3610081057;0.00%
US7672921050;0.00%
US4131971040;0.00%
FR0000121147;0.00%
US14575E1055;0.00%
US4660321096;0.00%
JP3100100001;0.00%
US68373J1043;0.00%
IT0005244402;0.00%
JP3592600005;0.00%
GB00BK9RKT01;0.00%
GB00B1VZ0M25;0.00%
JP3309000002;0.00%
US9508101014;0.00%
FR0000051070;0.00%
US6287781024;0.00%
US83001C1080;0.00%
US01749D1054;0.00%
JP3699400002;0.00%
DK0060655629;0.00%
JP3305600003;0.00%
CA51925D1069;0.00%
GB00B2PDGW16;0.00%
US0021211018;0.00%
JP3595200001;0.00%
AU000000CWY3;0.00%
NL0000302636;0.00%
NO0010571680;0.00%
JP3240400006;0.00%
US3580291066;0.00%
JP3352400000;0.00%
JP3283460008;0.00%
DE0007664005;0.00%
US3189101062;0.00%
US75970E1073;0.00%
FO0000000179;0.00%
US7433121008;0.00%
JP3789000001;0.00%
JP3274150006;0.00%
US0708301041;0.00%
JP3813800004;0.00%
IL0010841281;0.00%
US9234511080;0.00%
US92937A1025;0.00%
US70614W1009;0.00%
US92764N1028;0.00%
SGXE65760014;0.00%
JP3291200008;0.00%
US8941641024;0.00%
CA4220961078;0.00%
SE0001662230;0.00%
JP3720800006;0.00%
US63008G2030;0.00%
US05352A1007;0.00%
US65406E1029;0.00%
FI4000571054;0.00%
JP3635500006;0.00%
JP3658850007;0.00%
US10240L1026;0.00%
US5977421057;0.00%
US27923Q1094;0.00%
JP3392650002;0.00%
DK0010244425;0.00%
US8287302009;0.00%
NO0003079709;0.00%
JP3131090007;0.00%
JP3324000003;0.00%
US1200761047;0.00%
JP3921290007;0.00%
JP3661800007;0.00%
US39304D1028;0.00%
FR001400T0D6;0.00%
CA67000B1040;0.00%
US0113111076;0.00%
US19459J1043;0.00%
US6837971042;0.00%
IL0011000077;0.00%
IL0011434292;0.00%
SE0000170375;0.00%
NO0006000801;0.00%
JP3352000008;0.00%
DE000WAF3001;0.00%
NL0010801007;0.00%
CA6252841045;0.00%
US5116561003;0.00%
US7838591011;0.00%
AU000000SEK6;0.00%
JP3774600005;0.00%
SE0000191827;0.00%
CA8959451037;0.00%
US7437131094;0.00%
KYG4740B1059;0.00%
JP3213300001;0.00%
JP3131430005;0.00%
JP3401400001;0.00%
SE0011166974;0.00%
AU000000PPT9;0.00%
US2036071064;0.00%
AU000000CGF5;0.00%
JP3711200000;0.00%
CA97535P1045;0.00%
US55087P1049;0.00%
CA45868C1095;0.00%
JP3143000002;0.00%
BMG4593F1389;0.00%
GB00B82YXW83;0.00%
FI4000571013;0.00%
CA0089118776;0.00%
SE0016101844;0.00%
US6778641000;0.00%
US9047081040;0.00%
US7587501039;0.00%
GB00BMBVGQ36;0.00%
JP3955200005;0.00%
US0846801076;0.00%
US4158581094;0.00%
GB00B04V1276;0.00%
US9224171002;0.00%
JP3778400006;0.00%
JP3544000007;0.00%
US29272W1099;0.00%
JP3278600006;0.00%
US4470111075;0.00%
GB00B4YZN328;0.00%
DE000A2GS5D8;0.00%
US6866881021;0.00%
JP3217100001;0.00%
SGXE77102635;0.00%
US9814751064;0.00%
CA05577W2004;0.00%
US07556Q8814;0.00%
US29249E1091;0.00%
US7404441047;0.00%
JP3274280001;0.00%
JP3465400004;0.00%
JP3793800008;0.00%
JP3845800006;0.00%
JP3598200008;0.00%
CA33564P1036;0.00%
JP3792600003;0.00%
LU1092234845;0.00%
JP3305530002;0.00%
JP3110650003;0.00%
NL0000852564;0.00%
JP3947800003;0.00%
JP3856000009;0.00%
GB0005630420;0.00%
JP3766550002;0.00%
JP3780100008;0.00%
US2922181043;0.00%
JP3323600001;0.00%
CA8029121057;0.00%
JP3657500009;0.00%
JP3943000004;0.00%
GB0001638955;0.00%
FR0013258662;0.00%
JP3932000007;0.00%
US84857L1017;0.00%
US74386T1051;0.00%
JP3316400005;0.00%
IL0025902482;0.00%
US46005L1017;0.00%
US13462K1097;0.00%
JP3549600009;0.00%
US86771W1053;0.00%
JP3564200008;0.00%
JP3385820000;0.00%
JP3215200001;0.00%
JP3758190007;0.00%
US28035Q1022;0.00%
CH0435377954;0.00%
JP3164800009;0.00%
FR0014000MR3;0.00%
BMG611881274;0.00%
JP3360900009;0.00%
JP3138400001;0.00%
CA1469001053;0.00%
JP3105220002;0.00%
US9488491047;0.00%
US24823R1059;0.00%
US4424874018;0.00%
JP3491000000;0.00%
JP3384600007;0.00%
US68621T1025;0.00%
US25960R1059;0.00%
AU000000CCP3;0.00%
BMG5361W1047;0.00%
US3193832041;0.00%
CA3565001086;0.00%
US1124631045;0.00%
JP3552260006;0.00%
US00857U1079;0.00%
JP3613400005;0.00%
JP3277040006;0.00%
IL0065100930;0.00%
CH0276837694;0.00%
JP3440400004;0.00%
US1925761066;0.00%
US91359V1070;0.00%
US5663301068;0.00%
JP3160740001;0.00%
JP3758110005;0.00%
BE0974310428;0.00%
JP3305970000;0.00%
AU000000CKF7;0.00%
US4195961010;0.00%
US7097891011;0.00%
JP3584600005;0.00%
JP3538540000;0.00%
GB00BMWRZ071;0.00%
US64031N1081;0.00%
US44980X1090;0.00%
GB00BMXNWH07;0.00%
US5966801087;0.00%
BMG1744V1037;0.00%
US05990K1060;0.00%
US2058871029;0.00%
US43940T1097;0.00%
JP3725400000;0.00%
JP3619800000;0.00%
US00676P1075;0.00%
JP3220200004;0.00%
US8960951064;0.00%
US06211J1007;0.00%
US48123V1026;0.00%
GB00BGXQNP29;0.00%
US1535272058;0.00%
JP3144000001;0.00%
JP3672000001;0.00%
GB00B1QH8P22;0.00%
JP3705600009;0.00%
JP3910620008;0.00%
BE0974274061;0.00%
JP3556400004;0.00%
US4937321010;0.00%
JP3566600007;0.00%
SG1W35938974;0.00%
FR0013154002;0.00%
JE00BJJN4441;0.00%
DE000A2NB650;0.00%
US57142B1044;0.00%
BE0003810273;0.00%
NL0000008977;0.00%
JP3700200003;0.00%
JP3826270005;0.00%
US94419L1017;0.00%
JP3215800008;0.00%
US2825591033;0.00%
JP3931600005;0.00%
DK0010274844;0.00%
JP3297360004;0.00%
JP3749400002;0.00%
US11040G1031;0.00%
HK0014000126;0.00%
JP3926800008;0.00%
US0942351083;0.00%
KYG367381053;0.00%
LU0569974404;0.00%
US0441861046;0.00%
US2933891028;0.00%
JP3579800008;0.00%
CA00686A1084;0.00%
JP3966600003;0.00%
US9132591077;0.00%
FR0013269123;0.00%
JP3968600001;0.00%
US6667621097;0.00%
US92852X1037;0.00%
US5730751089;0.00%
JP3556000002;0.00%
JP3680800004;0.00%
US4327481010;0.00%
US47580P1030;0.00%
JP3771800004;0.00%
US91388P1057;0.00%
BMG7997W1029;0.00%
GB00BWFGQN14;0.00%
JP3283750002;0.00%
US5768531056;0.00%
AU000000PMV2;0.00%
IT0005054967;0.00%
JP3314800008;0.00%
GB00BKFB1C65;0.00%
US57776J1007;0.00%
US4315711089;0.00%
JP3286500008;0.00%
JP3240700009;0.00%
US63888U1088;0.00%
JP3802720007;0.00%
JP3560800009;0.00%
US00164V1035;0.00%
US72703X1063;0.00%
JP3547670004;0.00%
DE0008019001;0.00%
US42328H1095;0.00%
US86722A1034;0.00%
FR0004024222;0.00%
US36262G1013;0.00%
CA88709B1040;0.00%
US53803X1054;0.00%
US4491721050;0.00%
HK0010000088;0.00%
US4316361090;0.00%
AU0000272924;0.00%
US29786A1060;0.00%
US3715321028;0.00%
SG2D54973185;0.00%
JP3820800005;0.00%
CA05534B7604;0.00%
US25401T6038;0.00%
US3193901002;0.00%
JP3131400008;0.00%
CH0022427626;0.00%
DE0005403901;0.00%
CA96145A2002;0.00%
JP3351600006;0.00%
AU000000NEC4;0.00%
US1282461052;0.00%
NO0010196140;0.00%
AU000000RHC8;0.00%
NL0015001KT6;0.00%
JP3635400009;0.00%
GB00B1FP6H53;0.00%
SE0008294953;0.00%
JP3101600009;0.00%
GB00B0KM9T71;0.00%
US7837541041;0.00%
US2976021046;0.00%
GB00B41H7391;0.00%
JP3981400009;0.00%
SG1CH4000003;0.00%
JP3939000000;0.00%
US04914Y1029;0.00%
US87918A1051;0.00%
US4570301048;0.00%
NL0015002AH0;0.00%
US13765N1072;0.00%
US6752341080;0.00%
CH0127480363;0.00%
JP3531800005;0.00%
GB00BFMBMT84;0.00%
US8536661056;0.00%
US63001N1063;0.00%
US22284P1057;0.00%
CA86828P1036;0.00%
US04271T1007;0.00%
JP3594000006;0.00%
CH0030380734;0.00%
JP3834400008;0.00%
CA6744822033;0.00%
DE0006083405;0.00%
SE0000806994;0.00%
SE0015988019;0.00%
US74767V1098;0.00%
US84470P1093;0.00%
JP3595300009;0.00%
AU000000RSG6;0.00%
US03071H1005;0.00%
US92915B1061;0.00%
US17253J1060;0.00%
US82983N1081;0.00%
SG2D00968206;0.00%
GB00B3FLWH99;0.00%
US68554V1089;0.00%
US0017441017;0.00%
SE0010100958;0.00%
US2383371091;0.00%
JP3949400000;0.00%
US8004221078;0.00%
CA75601Y1007;0.00%
JP3160400002;0.00%
JP3448400006;0.00%
GB00BJFFLV09;0.00%
US01626W1018;0.00%
JP3475200006;0.00%
US87151X1019;0.00%
JP3203500008;0.00%
JP3321400008;0.00%
JP3539230007;0.00%
US45774W1080;0.00%
GB00B1VQ6H25;0.00%
US6294452064;0.00%
US25264R2076;0.00%
US8873991033;0.00%
DE0006305006;0.00%
DE000JST4000;0.00%
CA6568111067;0.00%
LU1704650164;0.00%
US4579852082;0.00%
US42222N1037;0.00%
GB00BP92CJ43;0.00%
US18914F1030;0.00%
CA74022D4075;0.00%
SE0010468116;0.00%
US2274831047;0.00%
SE0000171100;0.00%
MHY0207T1001;0.00%
US6700024010;0.00%
US74467Q1031;0.00%
US6024961012;0.00%
US91332U1016;0.00%
BMG4690M1010;0.00%
US4893981070;0.00%
SE0009663826;0.00%
GB00BJT16S69;0.00%
US1241551027;0.00%
US98379L1008;0.00%
US98980F1049;0.00%
CA17878Y2078;0.00%
JP3349600001;0.00%
BMG611881019;0.00%
US09058V1035;0.00%
US0231398845;0.00%
CA5734591046;0.00%
US9780971035;0.00%
US8170705011;0.00%
US42806J7000;0.00%
FR001400TL40;0.00%
US74006W2070;0.00%
NL0000888691;0.00%
US88162F1057;0.00%
JP3833600004;0.00%
US92790C1045;0.00%
GB00BJDQQ870;0.00%
US60510V1089;0.00%
JP3165600002;0.00%
US7751331015;0.00%
US8485741099;0.00%
AU000000MMS5;0.00%
US00773T1016;0.00%
JP3388600003;0.00%
US92552V1008;0.00%
CH1129677105;0.00%
US8115431079;0.00%
US03969T1097;0.00%
JP3653000004;0.00%
DE000WACK012;0.00%
US3448491049;0.00%
US92942W1071;0.00%
HK0000608585;0.00%
US37892E1029;0.00%
US50060P1066;0.00%
GB00B2863827;0.00%
US3462321015;0.00%
NZAIRE0001S2;0.00%
US5494981039;0.00%
US45688C1071;0.00%
CH0003541510;0.00%
US5021601043;0.00%
US69366J2006;0.00%
CH0276534614;0.00%
US80007P8692;0.00%
GB0007668071;0.00%
US4223471040;0.00%
US68752M1080;0.00%
US56400P7069;0.00%
SE0016589188;0.00%
US57637H1032;0.00%
US62886E1082;0.00%
BMG657731060;0.00%
JP3892400007;0.00%
AU000000NUF3;0.00%
US7496601060;0.00%
DE000SHA0019;0.00%
US22658D1000;0.00%
NL0010556684;0.00%
JP3435750009;0.00%
US7244791007;0.00%
NZRYME0001S4;0.00%
ES0105223004;0.00%
US6353092066;0.00%
US79546E1047;0.00%
JP3975800008;0.00%
GB00B0CY5V57;0.00%
US1156371007;0.00%
US6951271005;0.00%
US4383331067;0.00%
US00081T1088;0.00%
US7006661000;0.00%
US8585861003;0.00%
SE0018538068;0.00%
US9011091082;0.00%
JP3721600009;0.00%
US3393821034;0.00%
FR0000124570;0.00%
SE0002626861;0.00%
KYG1674K1013;0.00%
US68162K1060;0.00%
US0462241011;0.00%
BE0003555639;0.00%
CA86880Y8779;0.00%
US0240611030;0.00%
US12618T1051;0.00%
US92539P1012;0.00%
US52635N1037;0.00%
BE0974268972;0.00%
NL0015435975;0.00%
US04272N1028;0.00%
US0239391016;0.00%
US3534691098;0.00%
US9258151029;0.00%
US07373V1052;0.00%
JP3912700006;0.00%
US0537741052;0.00%
US3845561063;0.00%
US29430C1027;0.00%
US03782L1017;0.00%
GB00BT3MB248;0.00%
SG9999014716;0.00%
US67098H1041;0.00%
US61218C1036;0.00%
US76680R2067;0.00%
US4016171054;0.00%
US82312B1061;0.00%
SE0021628898;0.00%
GB00B3MBS747;0.00%
US4576422053;0.00%
US5335351004;0.00%
US8905161076;0.00%
US4510511060;0.00%
US53222K2050;0.00%
US5635714059;0.00%
FI4000552526;0.00%
US76029N1063;0.00%
US29415C1018;0.00%
US2528281080;0.00%
US9132901029;0.00%
BMG6901M1010;0.00%
SE0007897079;0.00%
DE0005313506;0.00%
US74766Q1013;0.00%
BMG8800F1876;0.00%
US20451N1019;0.00%
GB00BNK03D49;0.00%
JP3184600009;0.00%
AT0000A3EPA4;0.00%
SE0014401378;0.00%
US2641471097;0.00%
US03969F1093;0.00%
US8292421067;0.00%
US9314271084;0.00%
US5582561032;0.00%
US20337X1090;0.00%
US5246601075;0.00%
US03168L1052;0.00%
US78573M1045;0.00%
CA05156V1022;0.00%
US4198701009;0.00%
US61225M1027;0.00%
US2505651081;0.00%
US65345M1080;0.00%
US6988131024;0.00%
US89785X1019;0.00%
US87357P1003;0.00%
US81282V1008;0.00%
US14843C1053;0.00%
FR0000130395;0.00%
US3847471014;0.00%
US7534221046;0.00%
US4219061086;0.00%
US05508R1068;0.00%
SE0007666110;0.00%
US89157D1054;0.00%
US90328M1071;0.00%
US03823U1025;0.00%
US00165C3025;0.00%
US9276511097;0.00%
US54738L1098;0.00%
US3830821043;0.00%
US29384C1080;0.00%
US03589W1027;0.00%
US3596641098;0.00%
US3843135084;0.00%
US25402D1028;0.00%
US8070661058;0.00%
US9742501029;0.00%
US7291391057;0.00%
US1010441053;0.00%
US1311931042;0.00%
US29082K1051;0.00%
US68622P1093;0.00%
US5327461043;0.00%
US8068821060;0.00%
US98401F1057;0.00%
US30233G2093;0.00%
US51509F1057;0.00%
JP3946200007;0.00%
US8789721086;0.00%
DK0062616637;0.00%
US40701T1043;0.00%
US8968181011;0.00%
US84863T1060;0.00%
AT0000969985;0.00%
US92556H1077;0.00%
US89785L1070;0.00%
US86745K1043;0.00%
CA5359195008;0.00%
US8248891090;0.00%
US72919P2020;0.00%
US29479A1088;0.00%
JE00BL970N11;0.00%
US0773472016;0.00%
AU000000MYR2;0.00%
FR0010221234;0.00%
US05587G2030;0.00%
US94845U1051;0.00%
US75776W1036;0.00%
US02156K1034;0.00%
US98422E1038;0.00%
SE0020356970;0.00%
US9092143067;0.00%
US89421Q2057;0.00%
US96758W1018;0.00%
US83417M1045;0.00%
US20848V1052;0.00%
US3932221043;0.00%
US00445A1007;0.00%
US20459V1052;0.00%
US00972D1054;0.00%
SE0014428512;0.00%
US98422X1019;0.00%
US2026081057;0.00%
SE0000949331;0.00%
US6821431029;0.00%
SE0018012494;0.00%
US5319141090;0.00%
SE0015962485;0.00%
US5352191093;0.00%
SE0017769995;0.00%
US7665597024;0.00%
CA5359194019;0.00%
US39854F1012;0.00%
US92847W1036;0.00%
IL0011989105;0.00%
SE0009888738;0.00%
US58470H1014;0.00%
SE0017160773;0.00%
US2036681086;0.00%
US7332451043;0.00%
US87652V1098;0.00%
US21676P1030;0.00%
IL0011754137;0.00%
US28617K1016;0.00%
US30052F1003;0.00%
US71722W1071;0.00%
US5786051079;0.00%
US45174J5092;0.00%
US6323471002;0.00%
US56146T1034;0.00%
US2575541055;0.00%
US05356F1057;0.00%
US4663671091;0.00%
US6820951043;0.00%
US14179K1016;0.00%
US00791N1028;0.00%
IE00BKYC3F77;0.00%
US03843E1047;0.00%
LU2369833749;0.00%
ES0167050279;0.00%
